home_team,home_team_short,matchup_id,home_points,home_fg_pct,home_ft_pct,home_fg3_pct,away_team,away_team_short,away_points,away_fg_pct,away_ft_pct,away_fg3_pct,winning_team
Boston Celtics,BOS,22201216,120,0.472,0.786,0.463,Atlanta Hawks,ATL,114,0.454,0.789,0.282,BOS
Phoenix Suns,PHX,22201229,114,0.424,0.727,0.378,LA Clippers,LAC,119,0.49,0.667,0.217,LAC
Denver Nuggets,DEN,22201227,109,0.5,0.72,0.25,Sacramento Kings,SAC,95,0.435,0.667,0.256,DEN
Minnesota Timberwolves,MIN,22201225,113,0.476,0.71,0.361,New Orleans Pelicans,NOP,108,0.444,0.862,0.143,MIN
Oklahoma City Thunder,OKC,22201226,115,0.5,0.813,0.333,Memphis Grizzlies,MEM,100,0.435,0.722,0.189,OKC
Toronto Raptors,TOR,22201221,121,0.505,0.875,0.333,Milwaukee Bucks,MIL,105,0.463,0.81,0.353,TOR
Brooklyn Nets,BKN,22201217,105,0.422,0.821,0.375,Philadelphia 76ers,PHI,134,0.525,0.737,0.438,PHI
Sacramento Kings,SAC,22201211,97,0.388,0.556,0.282,Golden State Warriors,GSW,119,0.526,0.875,0.444,GSW
Milwaukee Bucks,MIL,22201208,114,0.457,0.818,0.429,Memphis Grizzlies,MEM,137,0.57,0.733,0.476,MEM
New Orleans Pelicans,NOP,22201209,113,0.532,0.95,0.357,New York Knicks,NYK,105,0.432,0.75,0.326,NOP
Atlanta Hawks,ATL,22201205,131,0.554,0.679,0.303,Philadelphia 76ers,PHI,136,0.5,0.793,0.5,PHI
Boston Celtics,BOS,22201206,121,0.556,0.762,0.341,Toronto Raptors,TOR,102,0.43,0.765,0.29,BOS
Los Angeles Lakers,LAL,22201212,121,0.489,0.765,0.5,Phoenix Suns,PHX,107,0.413,0.857,0.25,LAL
Phoenix Suns,PHX,22201201,119,0.519,0.8,0.472,Denver Nuggets,DEN,115,0.53,0.826,0.348,PHX
Philadelphia 76ers,PHI,22201198,101,0.513,0.867,0.278,Miami Heat,MIA,129,0.557,0.867,0.462,MIA
Milwaukee Bucks,MIL,22201193,105,0.424,0.818,0.391,Chicago Bulls,CHI,92,0.434,0.818,0.333,MIL
New Orleans Pelicans,NOP,22201194,138,0.5,0.744,0.538,Memphis Grizzlies,MEM,131,0.481,0.76,0.333,NOP
LA Clippers,LAC,22201196,125,0.524,0.852,0.444,Los Angeles Lakers,LAL,118,0.506,0.667,0.414,LAC
Boston Celtics,BOS,22201192,97,0.427,0.556,0.289,Toronto Raptors,TOR,93,0.411,0.765,0.182,BOS
New Orleans Pelicans,NOP,22201185,103,0.44,0.815,0.35,Sacramento Kings,SAC,121,0.505,0.8,0.405,SAC
Golden State Warriors,GSW,22201187,136,0.495,0.733,0.426,Oklahoma City Thunder,OKC,125,0.473,0.743,0.344,GSW
Philadelphia 76ers,PHI,22201181,103,0.5,0.875,0.379,Boston Celtics,BOS,101,0.418,0.625,0.333,PHI
Brooklyn Nets,BKN,22201180,102,0.433,0.786,0.371,Minnesota Timberwolves,MIN,107,0.482,0.773,0.333,MIN
Chicago Bulls,CHI,22201182,105,0.461,0.8,0.226,Atlanta Hawks,ATL,123,0.558,0.895,0.357,ATL
Chicago Bulls,CHI,22201165,128,0.532,0.864,0.29,Memphis Grizzlies,MEM,107,0.464,0.833,0.442,CHI
Oklahoma City Thunder,OKC,22201172,118,0.409,0.854,0.344,Phoenix Suns,PHX,128,0.568,0.821,0.382,PHX
Denver Nuggets,DEN,22201175,112,0.44,0.833,0.273,Golden State Warriors,GSW,110,0.4,1,0.214,DEN
Milwaukee Bucks,MIL,22201174,117,0.575,0.714,0.357,Philadelphia 76ers,PHI,104,0.46,0.923,0.333,MIL
New Orleans Pelicans,NOP,22201162,122,0.488,0.886,0.412,LA Clippers,LAC,114,0.494,0.826,0.379,NOP
Philadelphia 76ers,PHI,22201150,117,0.562,0.92,0.387,Toronto Raptors,TOR,110,0.5,0.783,0.308,PHI
Brooklyn Nets,BKN,22201153,124,0.557,0.846,0.455,Atlanta Hawks,ATL,107,0.429,0.913,0.216,BKN
Cleveland Cavaliers,CLE,22201154,116,0.512,0.846,0.459,New York Knicks,NYK,130,0.527,0.625,0.472,NYK
Phoenix Suns,PHX,22201160,100,0.42,0.762,0.37,Denver Nuggets,DEN,93,0.4,0.55,0.231,PHX
Minnesota Timberwolves,MIN,22201157,111,0.432,0.842,0.333,Los Angeles Lakers,LAL,123,0.5,0.8,0.409,LAL
Memphis Grizzlies,MEM,22201156,108,0.448,0.765,0.273,LA Clippers,LAC,94,0.378,0.833,0.314,MEM
Milwaukee Bucks,MIL,22201146,99,0.376,0.692,0.326,Boston Celtics,BOS,140,0.56,0.8,0.512,BOS
Denver Nuggets,DEN,22201147,88,0.4,0.625,0.143,New Orleans Pelicans,NOP,107,0.475,0.818,0.481,NOP
Phoenix Suns,PHX,22201144,107,0.417,0.778,0.3,Minnesota Timberwolves,MIN,100,0.444,0.667,0.343,PHX
New York Knicks,NYK,22201138,101,0.5,0.522,0.419,Miami Heat,MIA,92,0.443,0.643,0.333,NYK
Chicago Bulls,CHI,22201140,110,0.511,0.846,0.273,Los Angeles Lakers,LAL,121,0.523,0.8,0.35,LAL
Memphis Grizzlies,MEM,22201141,132,0.516,0.821,0.344,LA Clippers,LAC,141,0.615,0.742,0.595,LAC
Atlanta Hawks,ATL,22201131,120,0.461,0.788,0.444,Cleveland Cavaliers,CLE,118,0.505,0.682,0.36,ATL
Golden State Warriors,GSW,22201135,120,0.524,0.727,0.45,New Orleans Pelicans,NOP,109,0.467,0.929,0.444,GSW
Toronto Raptors,TOR,22201132,106,0.484,0.889,0.222,Miami Heat,MIA,92,0.4,0.947,0.303,TOR
Denver Nuggets,DEN,22201126,116,0.506,0.864,0.344,Philadelphia 76ers,PHI,111,0.483,0.773,0.267,DEN
LA Clippers,LAC,22201129,124,0.593,0.5,0.5,Chicago Bulls,CHI,112,0.537,0.714,0.391,LAC
Sacramento Kings,SAC,22201128,115,0.464,0.8,0.185,Minnesota Timberwolves,MIN,119,0.512,0.647,0.375,MIN
Atlanta Hawks,ATL,22201115,119,0.459,0.846,0.226,Memphis Grizzlies,MEM,123,0.539,0.737,0.394,MEM
Golden State Warriors,GSW,22201121,96,0.415,0.765,0.375,Minnesota Timberwolves,MIN,99,0.425,0.56,0.425,MIN
Los Angeles Lakers,LAL,22201114,108,0.507,0.679,0.361,Chicago Bulls,CHI,118,0.54,0.769,0.452,CHI
Denver Nuggets,DEN,22201109,129,0.528,0.714,0.417,Milwaukee Bucks,MIL,106,0.443,0.905,0.25,DEN
Miami Heat,MIA,22201108,100,0.475,0.857,0.4,Brooklyn Nets,BKN,129,0.494,0.92,0.45,BKN
LA Clippers,LAC,22201112,110,0.52,0.81,0.455,New Orleans Pelicans,NOP,131,0.531,0.889,0.618,NOP
Phoenix Suns,PHX,22201110,125,0.505,0.842,0.469,Philadelphia 76ers,PHI,105,0.436,0.889,0.419,PHX
Los Angeles Lakers,LAL,22201106,116,0.462,0.714,0.353,Oklahoma City Thunder,OKC,111,0.435,0.895,0.389,LAL
Sacramento Kings,SAC,22201105,135,0.528,0.875,0.333,Phoenix Suns,PHX,127,0.539,0.759,0.31,SAC
Golden State Warriors,GSW,22201103,120,0.477,0.75,0.36,Philadelphia 76ers,PHI,112,0.487,0.824,0.276,GSW
Brooklyn Nets,BKN,22201094,114,0.481,0.889,0.353,Cleveland Cavaliers,CLE,116,0.472,0.769,0.375,CLE
LA Clippers,LAC,22201096,127,0.56,0.75,0.486,Oklahoma City Thunder,OKC,105,0.441,0.909,0.333,LAC
Chicago Bulls,CHI,22201087,91,0.41,0.773,0.24,Philadelphia 76ers,PHI,116,0.476,0.846,0.432,PHI
Miami Heat,MIA,22201084,127,0.57,0.808,0.571,New York Knicks,NYK,120,0.512,0.8,0.4,MIA
Los Angeles Lakers,LAL,22201092,122,0.557,0.783,0.471,Phoenix Suns,PHX,111,0.467,0.75,0.387,LAL
Minnesota Timberwolves,MIN,22201090,125,0.489,0.828,0.423,Atlanta Hawks,ATL,124,0.529,0.88,0.462,MIN
Brooklyn Nets,BKN,22201079,109,0.446,0.783,0.273,Cleveland Cavaliers,CLE,115,0.506,0.81,0.483,CLE
LA Clippers,LAC,22201082,100,0.477,0.571,0.194,Oklahoma City Thunder,OKC,101,0.419,0.929,0.27,OKC
Sacramento Kings,SAC,22201081,109,0.481,0.667,0.386,Boston Celtics,BOS,132,0.533,0.696,0.409,BOS
Philadelphia 76ers,PHI,22201072,105,0.422,0.864,0.278,Chicago Bulls,CHI,109,0.415,0.828,0.212,CHI
New York Knicks,NYK,22201073,134,0.565,0.857,0.5,Minnesota Timberwolves,MIN,140,0.614,0.75,0.583,MIN
Brooklyn Nets,BKN,22201063,102,0.463,0.875,0.343,Denver Nuggets,DEN,108,0.525,0.923,0.522,DEN
Milwaukee Bucks,MIL,22201068,118,0.524,0.762,0.356,Toronto Raptors,TOR,111,0.444,0.75,0.412,MIL
Oklahoma City Thunder,OKC,22201064,124,0.5,0.806,0.393,Phoenix Suns,PHX,120,0.478,0.708,0.417,OKC
Toronto Raptors,TOR,22201058,122,0.533,0.81,0.333,Minnesota Timberwolves,MIN,107,0.459,0.857,0.217,TOR
Memphis Grizzlies,MEM,22201061,133,0.547,0.647,0.474,Golden State Warriors,GSW,119,0.429,0.824,0.371,MEM
Chicago Bulls,CHI,22201060,113,0.563,1,0.5,Miami Heat,MIA,99,0.427,0.792,0.27,CHI
New York Knicks,NYK,22201055,116,0.494,0.893,0.281,Denver Nuggets,DEN,110,0.512,0.8,0.364,NYK
Atlanta Hawks,ATL,22201048,127,0.47,0.68,0.39,Golden State Warriors,GSW,119,0.48,0.7,0.275,ATL
Chicago Bulls,CHI,22201050,139,0.543,0.867,0.458,Minnesota Timberwolves,MIN,131,0.46,0.677,0.429,CHI
Brooklyn Nets,BKN,22201043,96,0.413,0.696,0.359,Sacramento Kings,SAC,101,0.39,0.75,0.317,SAC
Toronto Raptors,TOR,22201044,128,0.485,0.714,0.438,Oklahoma City Thunder,OKC,111,0.426,0.9,0.419,TOR
Minnesota Timberwolves,MIN,22201039,102,0.44,0.727,0.333,Boston Celtics,BOS,104,0.405,0.8,0.3,BOS
Chicago Bulls,CHI,22201037,114,0.392,0.88,0.381,Sacramento Kings,SAC,117,0.487,0.793,0.429,SAC
LA Clippers,LAC,22201041,134,0.479,0.813,0.471,Golden State Warriors,GSW,126,0.557,0.733,0.472,LAC
Miami Heat,MIA,22201036,138,0.598,0.818,0.448,Memphis Grizzlies,MEM,119,0.505,0.643,0.391,MIA
Cleveland Cavaliers,CLE,22201035,109,0.471,0.682,0.341,Philadelphia 76ers,PHI,118,0.52,0.852,0.472,PHI
Phoenix Suns,PHX,22201033,104,0.432,0.875,0.348,Milwaukee Bucks,MIL,116,0.471,0.649,0.308,MIL
New Orleans Pelicans,NOP,22201030,108,0.429,0.65,0.256,Los Angeles Lakers,LAL,123,0.488,0.893,0.462,LAL
Toronto Raptors,TOR,22201029,125,0.527,0.882,0.4,Denver Nuggets,DEN,110,0.553,0.8,0.24,TOR
Oklahoma City Thunder,OKC,22201031,121,0.455,0.87,0.333,Brooklyn Nets,BKN,107,0.427,0.735,0.293,OKC
Golden State Warriors,GSW,22201025,123,0.542,0.583,0.487,Phoenix Suns,PHX,112,0.484,0.727,0.19,GSW
Sacramento Kings,SAC,22201026,124,0.442,0.733,0.42,Milwaukee Bucks,MIL,133,0.581,0.818,0.455,MIL
Atlanta Hawks,ATL,22201021,115,0.454,0.821,0.182,Minnesota Timberwolves,MIN,136,0.587,0.696,0.429,MIN
Los Angeles Lakers,LAL,22201019,108,0.483,0.588,0.333,New York Knicks,NYK,112,0.477,0.81,0.297,NYK
Denver Nuggets,DEN,22201014,120,0.5,0.75,0.387,Brooklyn Nets,BKN,122,0.5,0.875,0.386,BKN
LA Clippers,LAC,22201004,106,0.483,0.75,0.333,New York Knicks,NYK,95,0.356,0.889,0.226,LAC
Phoenix Suns,PHX,22201013,119,0.494,0.818,0.295,Sacramento Kings,SAC,128,0.482,0.838,0.429,SAC
New Orleans Pelicans,NOP,22201011,96,0.42,0.842,0.353,Oklahoma City Thunder,OKC,110,0.463,0.844,0.321,OKC
Golden State Warriors,GSW,22201012,125,0.411,0.909,0.418,Milwaukee Bucks,MIL,116,0.43,0.818,0.412,GSW
Atlanta Hawks,ATL,22201008,125,0.5,0.938,0.294,Boston Celtics,BOS,134,0.547,0.833,0.476,BOS
Los Angeles Lakers,LAL,22201003,122,0.563,1,0.433,Toronto Raptors,TOR,112,0.5,0.769,0.357,LAL
Minnesota Timberwolves,MIN,22201001,123,0.49,0.621,0.3,Brooklyn Nets,BKN,124,0.462,0.727,0.471,BKN
Miami Heat,MIA,22201000,119,0.512,0.913,0.483,Cleveland Cavaliers,CLE,115,0.465,0.81,0.419,MIA
Sacramento Kings,SAC,22200997,122,0.524,0.75,0.313,New York Knicks,NYK,117,0.416,0.645,0.26,SAC
Milwaukee Bucks,MIL,22200995,118,0.423,0.786,0.38,Brooklyn Nets,BKN,113,0.394,1,0.389,MIL
Memphis Grizzlies,MEM,22200996,131,0.538,0.722,0.45,Golden State Warriors,GSW,110,0.439,0.958,0.333,MEM
Miami Heat,MIA,22200987,100,0.5,0.759,0.276,Cleveland Cavaliers,CLE,104,0.488,0.895,0.321,CLE
LA Clippers,LAC,22200991,108,0.549,0.774,0.3,Toronto Raptors,TOR,100,0.385,0.929,0.406,LAC
Phoenix Suns,PHX,22200990,132,0.521,0.875,0.465,Oklahoma City Thunder,OKC,101,0.375,0.952,0.349,PHX
Denver Nuggets,DEN,22200989,96,0.42,0.467,0.375,Chicago Bulls,CHI,117,0.517,0.944,0.333,CHI
Oklahoma City Thunder,OKC,22200982,137,0.532,0.833,0.459,Golden State Warriors,GSW,128,0.528,0.875,0.392,OKC
Los Angeles Lakers,LAL,22200984,112,0.456,0.793,0.25,Memphis Grizzlies,MEM,103,0.387,0.759,0.243,LAL
Minnesota Timberwolves,MIN,22200980,94,0.395,0.714,0.306,Philadelphia 76ers,PHI,117,0.494,0.957,0.6,PHI
Denver Nuggets,DEN,22200975,118,0.5,0.826,0.394,Toronto Raptors,TOR,113,0.5,0.85,0.37,DEN
Sacramento Kings,SAC,22200976,123,0.566,0.65,0.421,New Orleans Pelicans,NOP,108,0.538,0.786,0.379,SAC
Miami Heat,MIA,22200974,130,0.532,0.865,0.552,Atlanta Hawks,ATL,128,0.554,0.739,0.31,MIA
Cleveland Cavaliers,CLE,22200971,118,0.448,0.8,0.353,Boston Celtics,BOS,114,0.416,0.667,0.333,CLE
Boston Celtics,BOS,22200969,129,0.394,0.88,0.356,New York Knicks,NYK,131,0.495,0.688,0.366,NYK
Los Angeles Lakers,LAL,22200964,113,0.442,0.818,0.333,Golden State Warriors,GSW,105,0.396,0.833,0.346,LAL
LA Clippers,LAC,22200970,135,0.529,0.943,0.414,Memphis Grizzlies,MEM,129,0.543,0.733,0.529,LAC
Miami Heat,MIA,22200958,117,0.506,0.87,0.371,Atlanta Hawks,ATL,109,0.468,0.867,0.3,MIA
Sacramento Kings,SAC,22200961,134,0.551,0.733,0.519,Minnesota Timberwolves,MIN,138,0.6,0.71,0.513,MIN
Milwaukee Bucks,MIL,22200960,130,0.53,0.893,0.5,Philadelphia 76ers,PHI,133,0.5,0.838,0.486,PHI
Denver Nuggets,DEN,22200952,113,0.46,0.806,0.258,Memphis Grizzlies,MEM,97,0.369,0.774,0.344,DEN
Boston Celtics,BOS,22200948,105,0.488,0.7,0.31,Brooklyn Nets,BKN,115,0.421,0.808,0.318,BKN
Chicago Bulls,CHI,22200950,104,0.47,0.76,0.304,Phoenix Suns,PHX,125,0.5,0.84,0.426,PHX
Golden State Warriors,GSW,22200953,108,0.513,0.9,0.323,New Orleans Pelicans,NOP,99,0.442,0.778,0.345,GSW
Miami Heat,MIA,22200949,120,0.481,0.938,0.48,New York Knicks,NYK,122,0.58,0.647,0.415,NYK
Sacramento Kings,SAC,22200954,128,0.529,1,0.303,LA Clippers,LAC,127,0.54,0.704,0.341,SAC
Los Angeles Lakers,LAL,22200955,102,0.414,0.833,0.323,Minnesota Timberwolves,MIN,110,0.472,0.75,0.412,MIN
Golden State Warriors,GSW,22200945,115,0.419,0.852,0.304,LA Clippers,LAC,91,0.36,0.857,0.209,GSW
Miami Heat,MIA,22200936,96,0.436,0.913,0.241,Philadelphia 76ers,PHI,119,0.494,1,0.385,PHI
Oklahoma City Thunder,OKC,22200940,117,0.484,0.75,0.275,Los Angeles Lakers,LAL,123,0.475,0.795,0.457,LAL
Boston Celtics,BOS,22200935,117,0.5,0.821,0.5,Cleveland Cavaliers,CLE,113,0.489,0.619,0.313,BOS
New York Knicks,NYK,22200937,142,0.607,0.667,0.571,Brooklyn Nets,BKN,118,0.467,0.95,0.385,NYK
LA Clippers,LAC,22200932,101,0.422,0.87,0.393,Minnesota Timberwolves,MIN,108,0.478,0.591,0.346,MIN
Oklahoma City Thunder,OKC,22200928,117,0.439,0.833,0.314,Sacramento Kings,SAC,123,0.524,0.733,0.357,SAC
Memphis Grizzlies,MEM,22200927,121,0.455,0.765,0.194,Los Angeles Lakers,LAL,109,0.442,0.87,0.382,MEM
Toronto Raptors,TOR,22200925,104,0.404,0.684,0.357,Chicago Bulls,CHI,98,0.521,0.824,0.4,TOR
Brooklyn Nets,BKN,22200924,104,0.434,0.8,0.333,Milwaukee Bucks,MIL,118,0.49,0.333,0.378,MIL
New York Knicks,NYK,22200921,109,0.474,0.676,0.387,Boston Celtics,BOS,94,0.44,0.786,0.214,NYK
Philadelphia 76ers,PHI,22200920,99,0.438,0.893,0.37,Miami Heat,MIA,101,0.432,0.727,0.405,MIA
Milwaukee Bucks,MIL,22200910,104,0.437,0.714,0.289,Phoenix Suns,PHX,101,0.421,0.591,0.333,MIL
Oklahoma City Thunder,OKC,22200915,115,0.477,0.739,0.4,Sacramento Kings,SAC,124,0.529,0.667,0.419,SAC
Denver Nuggets,DEN,22200918,134,0.51,0.742,0.333,LA Clippers,LAC,124,0.489,0.833,0.324,DEN
Golden State Warriors,GSW,22200916,109,0.429,0.727,0.357,Minnesota Timberwolves,MIN,104,0.422,0.524,0.378,GSW
Cleveland Cavaliers,CLE,22200914,118,0.524,0.857,0.5,Toronto Raptors,TOR,93,0.387,0.8,0.36,CLE
Atlanta Hawks,ATL,22200911,129,0.5,0.821,0.533,Brooklyn Nets,BKN,127,0.494,0.931,0.359,ATL
Philadelphia 76ers,PHI,22200908,107,0.449,0.8,0.333,Boston Celtics,BOS,110,0.5,0.667,0.444,BOS
New York Knicks,NYK,22200906,128,0.511,0.826,0.396,New Orleans Pelicans,NOP,106,0.392,0.857,0.211,NYK
Memphis Grizzlies,MEM,22200907,112,0.474,0.875,0.341,Denver Nuggets,DEN,94,0.404,0.786,0.297,MEM
Milwaukee Bucks,MIL,22200897,128,0.48,0.789,0.413,Miami Heat,MIA,99,0.391,0.72,0.225,MIL
Atlanta Hawks,ATL,22200896,136,0.588,0.913,0.536,Cleveland Cavaliers,CLE,119,0.455,0.897,0.371,ATL
LA Clippers,LAC,22200902,175,0.602,0.861,0.578,Sacramento Kings,SAC,176,0.586,0.8,0.439,SAC
Chicago Bulls,CHI,22200900,131,0.568,0.679,0.462,Brooklyn Nets,BKN,87,0.37,0.789,0.273,CHI
Phoenix Suns,PHX,22200899,124,0.467,0.813,0.368,Oklahoma City Thunder,OKC,115,0.432,0.75,0.395,PHX
Los Angeles Lakers,LAL,22200893,124,0.488,0.706,0.533,Golden State Warriors,GSW,111,0.381,0.81,0.286,LAL
Philadelphia 76ers,PHI,22200889,110,0.405,0.806,0.361,Memphis Grizzlies,MEM,105,0.391,0.833,0.219,PHI
Toronto Raptors,TOR,22200890,115,0.467,0.8,0.29,New Orleans Pelicans,NOP,110,0.464,0.76,0.433,TOR
Cleveland Cavaliers,CLE,22200886,109,0.478,0.85,0.231,Denver Nuggets,DEN,115,0.464,0.87,0.472,DEN
Chicago Bulls,CHI,22200883,100,0.381,0.762,0.313,Milwaukee Bucks,MIL,112,0.455,0.778,0.383,MIL
Phoenix Suns,PHX,22200885,107,0.472,0.75,0.355,LA Clippers,LAC,116,0.488,0.926,0.324,LAC
Los Angeles Lakers,LAL,22200882,120,0.53,0.611,0.27,New Orleans Pelicans,NOP,102,0.438,0.708,0.28,LAL
Atlanta Hawks,ATL,22200876,101,0.412,0.762,0.192,New York Knicks,NYK,122,0.469,0.818,0.326,NYK
Philadelphia 76ers,PHI,22200875,118,0.5,0.931,0.481,Cleveland Cavaliers,CLE,112,0.5,0.8,0.333,PHI
Brooklyn Nets,BKN,22200878,116,0.532,0.85,0.436,Miami Heat,MIA,105,0.458,0.724,0.286,BKN
LA Clippers,LAC,22200871,134,0.533,0.864,0.472,Golden State Warriors,GSW,124,0.542,0.704,0.441,LAC
Phoenix Suns,PHX,22200870,120,0.568,0.813,0.318,Sacramento Kings,SAC,109,0.446,0.875,0.368,PHX
Milwaukee Bucks,MIL,22200869,131,0.478,0.771,0.429,Boston Celtics,BOS,125,0.465,0.8,0.34,MIL
New York Knicks,NYK,22200862,124,0.549,0.731,0.441,Brooklyn Nets,BKN,106,0.449,0.727,0.414,NYK
Miami Heat,MIA,22200861,108,0.438,0.9,0.343,Denver Nuggets,DEN,112,0.579,0.867,0.393,DEN
Oklahoma City Thunder,OKC,22200864,100,0.422,0.833,0.273,New Orleans Pelicans,NOP,103,0.527,0.889,0.3,NOP
Boston Celtics,BOS,22200855,119,0.443,0.769,0.412,Memphis Grizzlies,MEM,109,0.5,0.619,0.353,BOS
Brooklyn Nets,BKN,22200846,98,0.402,0.846,0.325,Philadelphia 76ers,PHI,101,0.44,0.967,0.261,PHI
Golden State Warriors,GSW,22200853,103,0.417,0.917,0.273,Los Angeles Lakers,LAL,109,0.449,0.808,0.32,LAL
Cleveland Cavaliers,CLE,22200852,97,0.419,0.842,0.257,Chicago Bulls,CHI,89,0.486,0.8,0.238,CLE
Memphis Grizzlies,MEM,22200841,128,0.583,0.741,0.4,Minnesota Timberwolves,MIN,107,0.466,0.833,0.405,MEM
New Orleans Pelicans,NOP,22200842,107,0.476,0.8,0.375,Cleveland Cavaliers,CLE,118,0.565,0.8,0.357,CLE
Philadelphia 76ers,PHI,22200837,119,0.524,0.773,0.368,New York Knicks,NYK,108,0.531,0.688,0.344,PHI
LA Clippers,LAC,22200845,106,0.494,0.786,0.333,Milwaukee Bucks,MIL,119,0.5,0.75,0.436,MIL
Brooklyn Nets,BKN,22200833,116,0.429,0.84,0.386,Chicago Bulls,CHI,105,0.462,0.762,0.192,BKN
Atlanta Hawks,ATL,22200832,116,0.453,0.741,0.345,Phoenix Suns,PHX,107,0.453,0.759,0.233,ATL
Los Angeles Lakers,LAL,22200834,106,0.472,0.714,0.389,Milwaukee Bucks,MIL,115,0.455,0.722,0.255,MIL
Boston Celtics,BOS,22200824,106,0.526,0.7,0.543,Philadelphia 76ers,PHI,99,0.446,0.75,0.323,BOS
Denver Nuggets,DEN,22200820,146,0.624,0.773,0.481,Minnesota Timberwolves,MIN,112,0.471,0.846,0.286,DEN
Memphis Grizzlies,MEM,22200819,104,0.481,0.714,0.333,Chicago Bulls,CHI,89,0.368,0.667,0.2,MEM
Los Angeles Lakers,LAL,22200821,130,0.576,0.692,0.452,Oklahoma City Thunder,OKC,133,0.521,0.9,0.5,OKC
Brooklyn Nets,BKN,22200817,112,0.481,0.871,0.321,Phoenix Suns,PHX,116,0.467,0.75,0.29,PHX
New Orleans Pelicans,NOP,22200818,116,0.495,0.667,0.375,Atlanta Hawks,ATL,107,0.447,0.76,0.333,NOP
Brooklyn Nets,BKN,22200810,116,0.488,0.818,0.516,LA Clippers,LAC,124,0.478,0.8,0.4,LAC
Golden State Warriors,GSW,22200814,141,0.577,0.429,0.52,Oklahoma City Thunder,OKC,114,0.484,0.714,0.344,GSW
Memphis Grizzlies,MEM,22200805,103,0.487,0.739,0.37,Toronto Raptors,TOR,106,0.436,0.583,0.306,TOR
New Orleans Pelicans,NOP,22200807,136,0.565,0.765,0.538,Sacramento Kings,SAC,104,0.427,0.852,0.262,NOP
Minnesota Timberwolves,MIN,22200806,128,0.552,0.733,0.37,Denver Nuggets,DEN,98,0.479,0.774,0.24,MIN
New York Knicks,NYK,22200804,108,0.43,0.718,0.333,Philadelphia 76ers,PHI,97,0.405,0.833,0.28,NYK
Denver Nuggets,DEN,22200801,128,0.505,0.85,0.395,Atlanta Hawks,ATL,108,0.484,0.824,0.3,DEN
New Orleans Pelicans,NOP,22200798,131,0.52,0.9,0.3,Los Angeles Lakers,LAL,126,0.479,0.758,0.344,NOP
Milwaukee Bucks,MIL,22200797,123,0.523,0.607,0.35,Miami Heat,MIA,115,0.446,0.81,0.258,MIL
New York Knicks,NYK,22200795,128,0.479,0.769,0.45,LA Clippers,LAC,134,0.478,0.857,0.432,LAC
Boston Celtics,BOS,22200788,94,0.387,0.839,0.263,Phoenix Suns,PHX,106,0.432,0.857,0.375,PHX
Cleveland Cavaliers,CLE,22200779,128,0.538,0.727,0.483,Memphis Grizzlies,MEM,113,0.471,0.955,0.435,CLE
Milwaukee Bucks,MIL,22200784,106,0.433,0.704,0.243,LA Clippers,LAC,105,0.411,0.7,0.361,MIL
Denver Nuggets,DEN,22200783,134,0.567,0.762,0.457,Golden State Warriors,GSW,117,0.506,0.632,0.5,DEN
New York Knicks,NYK,22200780,106,0.482,0.778,0.333,Miami Heat,MIA,104,0.448,0.813,0.361,NYK
Phoenix Suns,PHX,22200777,100,0.407,0.839,0.143,Atlanta Hawks,ATL,132,0.571,0.818,0.576,ATL
Minnesota Timberwolves,MIN,22200774,119,0.434,0.542,0.28,Golden State Warriors,GSW,114,0.418,0.794,0.314,MIN
Boston Celtics,BOS,22200772,139,0.576,0.7,0.481,Brooklyn Nets,BKN,96,0.409,0.833,0.231,BOS
Denver Nuggets,DEN,22200768,122,0.494,0.833,0.444,New Orleans Pelicans,NOP,113,0.494,0.84,0.296,DEN
New York Knicks,NYK,22200765,123,0.449,0.875,0.206,Los Angeles Lakers,LAL,129,0.516,0.71,0.333,LAL
Chicago Bulls,CHI,22200766,103,0.494,0.714,0.5,LA Clippers,LAC,108,0.398,0.846,0.273,LAC
Cleveland Cavaliers,CLE,22200764,97,0.482,0.5,0.275,Miami Heat,MIA,100,0.436,0.72,0.452,MIA
Phoenix Suns,PHX,22200762,114,0.494,0.81,0.393,Toronto Raptors,TOR,106,0.449,0.895,0.273,PHX
Oklahoma City Thunder,OKC,22200759,120,0.495,0.85,0.458,Golden State Warriors,GSW,128,0.511,0.8,0.426,GSW
Brooklyn Nets,BKN,22200757,121,0.474,0.789,0.39,Los Angeles Lakers,LAL,104,0.393,0.622,0.379,BKN
Minnesota Timberwolves,MIN,22200758,111,0.467,0.52,0.308,Sacramento Kings,SAC,118,0.475,0.682,0.3,SAC
Milwaukee Bucks,MIL,22200755,135,0.552,0.6,0.395,New Orleans Pelicans,NOP,110,0.441,0.714,0.382,MIL
Cleveland Cavaliers,CLE,22200754,122,0.564,0.737,0.606,LA Clippers,LAC,99,0.416,0.852,0.105,CLE
Boston Celtics,BOS,22200749,125,0.464,0.872,0.325,Los Angeles Lakers,LAL,121,0.448,0.75,0.286,BOS
Atlanta Hawks,ATL,22200745,113,0.474,0.8,0.259,LA Clippers,LAC,120,0.525,0.895,0.487,LAC
Philadelphia 76ers,PHI,22200741,126,0.517,0.667,0.514,Denver Nuggets,DEN,119,0.543,0.85,0.412,PHI
Minnesota Timberwolves,MIN,22200746,117,0.525,0.762,0.459,Sacramento Kings,SAC,110,0.451,0.75,0.273,MIN
Brooklyn Nets,BKN,22200742,122,0.529,0.571,0.55,New York Knicks,NYK,115,0.511,0.789,0.357,BKN
Minnesota Timberwolves,MIN,22200737,111,0.512,0.667,0.371,Memphis Grizzlies,MEM,100,0.409,0.842,0.242,MIN
Golden State Warriors,GSW,22200740,129,0.556,0.733,0.419,Toronto Raptors,TOR,117,0.455,0.619,0.364,GSW
Oklahoma City Thunder,OKC,22200739,112,0.526,0.88,0.556,Cleveland Cavaliers,CLE,100,0.443,0.778,0.276,OKC
Boston Celtics,BOS,22200730,117,0.41,0.826,0.348,New York Knicks,NYK,120,0.458,0.826,0.342,NYK
Philadelphia 76ers,PHI,22200721,137,0.512,0.972,0.474,Brooklyn Nets,BKN,133,0.645,0.778,0.538,PHI
Golden State Warriors,GSW,22200726,122,0.506,0.786,0.438,Memphis Grizzlies,MEM,120,0.477,0.703,0.323,GSW
New Orleans Pelicans,NOP,22200724,102,0.435,0.762,0.316,Minnesota Timberwolves,MIN,111,0.488,0.714,0.379,MIN
Oklahoma City Thunder,OKC,22200725,132,0.52,0.688,0.441,Atlanta Hawks,ATL,137,0.595,0.788,0.379,ATL
Sacramento Kings,SAC,22200728,95,0.479,0.923,0.406,Toronto Raptors,TOR,113,0.495,0.714,0.3,TOR
Milwaukee Bucks,MIL,22200723,107,0.474,0.714,0.433,Denver Nuggets,DEN,99,0.392,0.75,0.324,MIL
Miami Heat,MIA,22200714,98,0.362,0.783,0.364,Boston Celtics,BOS,95,0.432,0.778,0.313,MIA
New Orleans Pelicans,NOP,22200716,98,0.447,0.85,0.192,Denver Nuggets,DEN,99,0.488,0.769,0.333,DEN
Los Angeles Lakers,LAL,22200719,115,0.442,0.625,0.4,LA Clippers,LAC,133,0.607,0.8,0.5,LAC
New York Knicks,NYK,22200715,105,0.493,0.667,0.515,Cleveland Cavaliers,CLE,103,0.46,0.688,0.364,NYK
Chicago Bulls,CHI,22200708,111,0.463,0.667,0.324,Atlanta Hawks,ATL,100,0.459,0.632,0.303,CHI
Sacramento Kings,SAC,22200712,133,0.557,0.929,0.55,Memphis Grizzlies,MEM,100,0.408,0.8,0.333,SAC
Miami Heat,MIA,22200699,100,0.438,0.815,0.235,New Orleans Pelicans,NOP,96,0.474,0.778,0.267,MIA
Phoenix Suns,PHX,22200703,112,0.443,0.84,0.371,Memphis Grizzlies,MEM,110,0.435,0.704,0.344,PHX
Denver Nuggets,DEN,22200702,99,0.439,0.515,0.357,Oklahoma City Thunder,OKC,101,0.449,0.875,0.269,OKC
Golden State Warriors,GSW,22200704,116,0.456,0.778,0.406,Brooklyn Nets,BKN,120,0.544,0.645,0.519,BKN
Toronto Raptors,TOR,22200700,125,0.456,0.8,0.441,New York Knicks,NYK,116,0.488,0.692,0.439,TOR
Toronto Raptors,TOR,22200692,104,0.535,0.714,0.368,Boston Celtics,BOS,106,0.447,0.933,0.457,BOS
Sacramento Kings,SAC,22200698,127,0.548,0.759,0.394,Philadelphia 76ers,PHI,129,0.527,0.826,0.429,PHI
Cleveland Cavaliers,CLE,22200695,114,0.558,0.647,0.318,Milwaukee Bucks,MIL,102,0.453,0.909,0.359,CLE
Los Angeles Lakers,LAL,22200690,122,0.409,0.805,0.317,Memphis Grizzlies,MEM,121,0.422,0.65,0.31,LAL
Cleveland Cavaliers,CLE,22200685,114,0.5,0.842,0.424,Golden State Warriors,GSW,120,0.488,0.684,0.535,GSW
Atlanta Hawks,ATL,22200684,139,0.56,0.875,0.382,New York Knicks,NYK,124,0.59,0.765,0.433,ATL
Sacramento Kings,SAC,22200691,118,0.471,0.857,0.316,Oklahoma City Thunder,OKC,113,0.484,0.636,0.4,SAC
Phoenix Suns,PHX,22200681,117,0.459,0.683,0.393,Brooklyn Nets,BKN,112,0.524,0.6,0.423,PHX
Boston Celtics,BOS,22200679,121,0.398,0.733,0.317,Golden State Warriors,GSW,118,0.4,0.87,0.346,BOS
Minnesota Timberwolves,MIN,22200680,128,0.506,0.913,0.425,Toronto Raptors,TOR,126,0.529,0.741,0.5,MIN
New Orleans Pelicans,NOP,22200673,98,0.463,0.611,0.433,Miami Heat,MIA,124,0.532,0.75,0.343,MIA
Memphis Grizzlies,MEM,22200672,115,0.454,0.727,0.324,Cleveland Cavaliers,CLE,114,0.512,0.667,0.457,MEM
Denver Nuggets,DEN,22200676,122,0.529,0.75,0.381,Minnesota Timberwolves,MIN,118,0.519,0.786,0.375,DEN
Los Angeles Lakers,LAL,22200677,111,0.483,0.778,0.324,Sacramento Kings,SAC,116,0.494,0.778,0.3,SAC
Milwaukee Bucks,MIL,22200665,130,0.535,0.905,0.487,Toronto Raptors,TOR,122,0.455,0.63,0.371,MIL
LA Clippers,LAC,22200668,110,0.5,0.8,0.353,Philadelphia 76ers,PHI,120,0.534,0.853,0.419,PHI
Atlanta Hawks,ATL,22200661,121,0.592,0.818,0.481,Miami Heat,MIA,113,0.483,0.95,0.258,ATL
New York Knicks,NYK,22200659,121,0.424,0.8,0.29,Toronto Raptors,TOR,123,0.396,0.829,0.295,TOR
Cleveland Cavaliers,CLE,22200658,113,0.488,0.788,0.321,New Orleans Pelicans,NOP,103,0.507,0.773,0.37,CLE
Memphis Grizzlies,MEM,22200663,136,0.531,0.8,0.432,Phoenix Suns,PHX,106,0.438,0.947,0.303,MEM
Chicago Bulls,CHI,22200650,132,0.505,0.875,0.385,Golden State Warriors,GSW,118,0.494,0.682,0.412,CHI
Los Angeles Lakers,LAL,22200655,112,0.552,0.769,0.3,Philadelphia 76ers,PHI,113,0.506,0.789,0.353,PHI
Brooklyn Nets,BKN,22200651,102,0.429,0.632,0.293,Oklahoma City Thunder,OKC,112,0.444,0.769,0.387,OKC
Minnesota Timberwolves,MIN,22200645,110,0.563,0.733,0.321,Cleveland Cavaliers,CLE,102,0.487,0.87,0.286,MIN
Miami Heat,MIA,22200641,111,0.517,0.833,0.5,Milwaukee Bucks,MIL,95,0.405,0.667,0.396,MIA
Toronto Raptors,TOR,22200644,103,0.414,0.8,0.241,Atlanta Hawks,ATL,114,0.512,0.944,0.407,ATL
Minnesota Timberwolves,MIN,22200637,121,0.522,0.85,0.357,Phoenix Suns,PHX,116,0.477,0.833,0.609,MIN
Chicago Bulls,CHI,22200636,110,0.447,0.917,0.316,Oklahoma City Thunder,OKC,124,0.511,0.864,0.333,OKC
LA Clippers,LAC,22200639,103,0.471,0.786,0.345,Denver Nuggets,DEN,115,0.5,0.76,0.424,DEN
Miami Heat,MIA,22200628,108,0.442,0.938,0.265,Milwaukee Bucks,MIL,102,0.402,0.667,0.386,MIA
Philadelphia 76ers,PHI,22200626,114,0.443,0.926,0.306,Oklahoma City Thunder,OKC,133,0.512,0.939,0.424,OKC
Brooklyn Nets,BKN,22200627,98,0.452,0.818,0.382,Boston Celtics,BOS,109,0.477,0.882,0.333,BOS
Boston Celtics,BOS,22200621,125,0.484,0.88,0.341,New Orleans Pelicans,NOP,114,0.517,0.765,0.367,BOS
Denver Nuggets,DEN,22200624,126,0.565,0.714,0.441,Phoenix Suns,PHX,97,0.433,0.714,0.281,DEN
Atlanta Hawks,ATL,22200620,105,0.448,0.889,0.367,Milwaukee Bucks,MIL,114,0.459,0.545,0.375,MIL
Miami Heat,MIA,22200611,112,0.392,1,0.303,Oklahoma City Thunder,OKC,111,0.484,0.667,0.257,MIA
Golden State Warriors,GSW,22200615,113,0.385,0.778,0.375,Phoenix Suns,PHX,125,0.456,0.935,0.452,PHX
Denver Nuggets,DEN,22200609,122,0.465,0.882,0.357,Los Angeles Lakers,LAL,109,0.441,0.76,0.286,DEN
Boston Celtics,BOS,22200606,107,0.437,0.952,0.268,Chicago Bulls,CHI,99,0.453,0.643,0.343,BOS
New York Knicks,NYK,22200607,107,0.38,0.909,0.268,Milwaukee Bucks,MIL,111,0.438,0.778,0.388,MIL
Phoenix Suns,PHX,22200603,98,0.44,0.909,0.538,Cleveland Cavaliers,CLE,112,0.577,0.647,0.379,CLE
Miami Heat,MIA,22200599,101,0.413,0.706,0.371,Brooklyn Nets,BKN,102,0.513,0.8,0.364,BKN
LA Clippers,LAC,22200604,108,0.389,0.774,0.333,Atlanta Hawks,ATL,112,0.494,0.8,0.308,ATL
Sacramento Kings,SAC,22200595,134,0.523,0.811,0.438,Los Angeles Lakers,LAL,136,0.61,0.818,0.429,LAL
Minnesota Timberwolves,MIN,22200587,128,0.568,0.793,0.371,LA Clippers,LAC,115,0.44,0.667,0.36,MIN
New Orleans Pelicans,NOP,22200586,102,0.398,0.8,0.414,Brooklyn Nets,BKN,108,0.435,0.95,0.455,BKN
Toronto Raptors,TOR,22200582,108,0.422,0.8,0.345,New York Knicks,NYK,112,0.47,0.692,0.432,NYK
Philadelphia 76ers,PHI,22200581,112,0.435,0.778,0.439,Chicago Bulls,CHI,126,0.571,0.588,0.588,CHI
Los Angeles Lakers,LAL,22200590,130,0.548,0.75,0.457,Atlanta Hawks,ATL,114,0.458,0.773,0.29,LAL
Denver Nuggets,DEN,22200588,121,0.531,0.783,0.486,Cleveland Cavaliers,CLE,108,0.455,0.563,0.385,DEN
Phoenix Suns,PHX,22200589,96,0.415,0.88,0.261,Miami Heat,MIA,104,0.423,0.839,0.316,MIA
Denver Nuggets,DEN,22200579,122,0.506,0.857,0.389,LA Clippers,LAC,91,0.374,0.72,0.135,DEN
Toronto Raptors,TOR,22200569,101,0.328,0.8,0.196,Milwaukee Bucks,MIL,104,0.398,0.7,0.333,MIL
Chicago Bulls,CHI,22200570,121,0.531,0.931,0.4,Brooklyn Nets,BKN,112,0.462,0.762,0.324,CHI
Sacramento Kings,SAC,22200575,117,0.466,0.926,0.4,Atlanta Hawks,ATL,120,0.536,0.909,0.333,ATL
Los Angeles Lakers,LAL,22200574,112,0.494,0.8,0.296,Miami Heat,MIA,109,0.453,0.714,0.276,LAL
Cleveland Cavaliers,CLE,22200565,90,0.39,0.826,0.306,Phoenix Suns,PHX,88,0.395,0.778,0.357,CLE
Oklahoma City Thunder,OKC,22200562,150,0.592,0.636,0.5,Boston Celtics,BOS,117,0.455,0.806,0.3,OKC
New York Knicks,NYK,22200550,102,0.486,0.68,0.394,Phoenix Suns,PHX,83,0.391,0.714,0.27,NYK
Philadelphia 76ers,PHI,22200554,120,0.477,0.821,0.429,New Orleans Pelicans,NOP,111,0.5,0.8,0.379,PHI
LA Clippers,LAC,22200560,100,0.433,0.882,0.414,Miami Heat,MIA,110,0.459,0.833,0.333,MIA
Minnesota Timberwolves,MIN,22200557,124,0.517,0.778,0.361,Denver Nuggets,DEN,111,0.462,0.8,0.379,MIN
Golden State Warriors,GSW,22200558,143,0.446,0.667,0.322,Atlanta Hawks,ATL,141,0.486,0.828,0.314,GSW
Cleveland Cavaliers,CLE,22200552,145,0.522,0.733,0.348,Chicago Bulls,CHI,134,0.495,0.882,0.303,CLE
Memphis Grizzlies,MEM,22200547,118,0.46,0.667,0.313,Sacramento Kings,SAC,108,0.406,1,0.349,MEM
Denver Nuggets,DEN,22200549,123,0.57,0.889,0.567,Boston Celtics,BOS,111,0.46,0.815,0.273,DEN
Memphis Grizzlies,MEM,22200543,116,0.511,0.773,0.172,New Orleans Pelicans,NOP,101,0.352,0.806,0.267,MEM
Chicago Bulls,CHI,22200540,102,0.481,0.708,0.333,Cleveland Cavaliers,CLE,103,0.459,0.632,0.342,CLE
Oklahoma City Thunder,OKC,22200545,96,0.38,0.636,0.333,Philadelphia 76ers,PHI,115,0.465,0.706,0.324,PHI
Denver Nuggets,DEN,22200535,124,0.592,0.773,0.607,Miami Heat,MIA,119,0.448,0.9,0.4,DEN
Milwaukee Bucks,MIL,22200533,123,0.462,0.697,0.359,Minnesota Timberwolves,MIN,114,0.435,0.765,0.267,MIL
Atlanta Hawks,ATL,22200530,121,0.475,0.7,0.289,Los Angeles Lakers,LAL,130,0.542,0.889,0.313,LAL
New Orleans Pelicans,NOP,22200534,127,0.538,0.722,0.484,Philadelphia 76ers,PHI,116,0.56,0.818,0.412,NOP
Toronto Raptors,TOR,22200531,113,0.494,0.846,0.333,Phoenix Suns,PHX,104,0.493,0.87,0.467,TOR
Boston Celtics,BOS,22200525,116,0.484,0.773,0.282,LA Clippers,LAC,110,0.483,0.643,0.385,BOS
Toronto Raptors,TOR,22200526,106,0.406,0.75,0.357,Memphis Grizzlies,MEM,119,0.505,0.714,0.448,MEM
Miami Heat,MIA,22200518,112,0.478,0.813,0.314,Los Angeles Lakers,LAL,98,0.481,0.733,0.361,MIA
Sacramento Kings,SAC,22200522,127,0.528,0.76,0.452,Denver Nuggets,DEN,126,0.576,0.889,0.444,SAC
New Orleans Pelicans,NOP,22200520,119,0.481,0.698,0.478,Minnesota Timberwolves,MIN,118,0.506,0.75,0.345,NOP
Atlanta Hawks,ATL,22200517,107,0.433,0.682,0.364,Brooklyn Nets,BKN,108,0.506,0.824,0.385,BKN
Chicago Bulls,CHI,22200519,119,0.457,0.867,0.391,Milwaukee Bucks,MIL,113,0.373,0.688,0.205,CHI
Memphis Grizzlies,MEM,22200510,108,0.396,0.824,0.267,Phoenix Suns,PHX,125,0.494,0.88,0.548,PHX
Sacramento Kings,SAC,22200514,106,0.488,0.842,0.286,Denver Nuggets,DEN,113,0.477,0.857,0.351,DEN
Toronto Raptors,TOR,22200509,113,0.512,0.808,0.261,LA Clippers,LAC,124,0.484,0.826,0.395,LAC
Miami Heat,MIA,22200500,113,0.461,0.75,0.265,Minnesota Timberwolves,MIN,110,0.544,0.643,0.441,MIA
Cleveland Cavaliers,CLE,22200498,117,0.476,0.867,0.361,Brooklyn Nets,BKN,125,0.573,0.765,0.6,BKN
Denver Nuggets,DEN,22200497,128,0.479,0.735,0.361,Phoenix Suns,PHX,125,0.479,0.692,0.486,DEN
Golden State Warriors,GSW,22200496,123,0.473,0.731,0.409,Memphis Grizzlies,MEM,109,0.415,0.733,0.231,GSW
Boston Celtics,BOS,22200495,139,0.588,0.8,0.487,Milwaukee Bucks,MIL,118,0.5,0.778,0.361,BOS
New York Knicks,NYK,22200493,112,0.478,0.824,0.375,Philadelphia 76ers,PHI,119,0.506,0.793,0.462,PHI
New York Knicks,NYK,22200485,117,0.5,0.577,0.457,Chicago Bulls,CHI,118,0.484,0.778,0.452,CHI
Boston Celtics,BOS,22200482,121,0.44,0.769,0.283,Minnesota Timberwolves,MIN,109,0.484,0.733,0.313,BOS
Cleveland Cavaliers,CLE,22200484,107,0.513,0.6,0.333,Toronto Raptors,TOR,118,0.5,0.833,0.514,TOR
Oklahoma City Thunder,OKC,22200488,125,0.461,0.72,0.371,New Orleans Pelicans,NOP,128,0.436,0.825,0.351,NOP
Brooklyn Nets,BKN,22200483,118,0.495,0.923,0.438,Milwaukee Bucks,MIL,100,0.44,0.773,0.243,BKN
Phoenix Suns,PHX,22200490,100,0.437,0.577,0.257,Memphis Grizzlies,MEM,125,0.495,0.737,0.304,MEM
Philadelphia 76ers,PHI,22200480,119,0.534,0.929,0.414,LA Clippers,LAC,114,0.506,0.783,0.368,PHI
Brooklyn Nets,BKN,22200470,143,0.643,0.875,0.636,Golden State Warriors,GSW,113,0.494,0.76,0.364,BKN
Sacramento Kings,SAC,22200475,134,0.505,0.75,0.362,Los Angeles Lakers,LAL,120,0.5,0.833,0.458,SAC
New York Knicks,NYK,22200471,106,0.553,0.611,0.423,Toronto Raptors,TOR,113,0.447,0.909,0.265,TOR
Cleveland Cavaliers,CLE,22200466,114,0.482,0.786,0.313,Milwaukee Bucks,MIL,106,0.47,0.682,0.433,CLE
Atlanta Hawks,ATL,22200468,108,0.429,1,0.378,Chicago Bulls,CHI,110,0.5,0.773,0.292,CHI
Denver Nuggets,DEN,22200465,105,0.449,0.6,0.37,Memphis Grizzlies,MEM,91,0.444,0.667,0.192,DEN
Miami Heat,MIA,22200462,103,0.469,0.706,0.341,Chicago Bulls,CHI,113,0.548,0.833,0.419,CHI
New York Knicks,NYK,22200463,132,0.517,0.781,0.425,Golden State Warriors,GSW,94,0.473,0.923,0.343,NYK
New Orleans Pelicans,NOP,22200457,119,0.424,0.708,0.4,Milwaukee Bucks,MIL,128,0.556,0.806,0.325,MIL
Philadelphia 76ers,PHI,22200453,104,0.4,0.926,0.357,Toronto Raptors,TOR,101,0.42,0.8,0.275,PHI
Phoenix Suns,PHX,22200459,130,0.495,0.75,0.513,Los Angeles Lakers,LAL,104,0.448,0.824,0.429,PHX
Minnesota Timberwolves,MIN,22200449,150,0.655,0.813,0.535,Chicago Bulls,CHI,126,0.523,0.75,0.421,MIN
Toronto Raptors,TOR,22200448,110,0.421,0.773,0.394,Golden State Warriors,GSW,126,0.531,0.846,0.462,GSW
Phoenix Suns,PHX,22200444,118,0.47,0.714,0.366,New Orleans Pelicans,NOP,114,0.584,0.769,0.467,PHX
Oklahoma City Thunder,OKC,22200443,115,0.413,0.645,0.422,Memphis Grizzlies,MEM,109,0.378,0.784,0.267,OKC
Philadelphia 76ers,PHI,22200432,118,0.459,0.806,0.395,Golden State Warriors,GSW,106,0.415,0.846,0.395,PHI
Toronto Raptors,TOR,22200433,116,0.488,0.862,0.375,Brooklyn Nets,BKN,119,0.605,0.783,0.346,BKN
Los Angeles Lakers,LAL,22200437,126,0.527,0.75,0.364,Denver Nuggets,DEN,108,0.481,0.75,0.333,LAL
Oklahoma City Thunder,OKC,22200435,110,0.466,0.81,0.297,Minnesota Timberwolves,MIN,112,0.494,0.56,0.48,MIN
Chicago Bulls,CHI,22200434,91,0.468,0.875,0.4,New York Knicks,NYK,114,0.402,0.719,0.386,NYK
Memphis Grizzlies,MEM,22200425,142,0.549,0.783,0.375,Milwaukee Bucks,MIL,101,0.372,0.667,0.26,MEM
LA Clippers,LAC,22200427,95,0.378,0.714,0.364,Phoenix Suns,PHX,111,0.463,0.778,0.281,PHX
Chicago Bulls,CHI,22200418,120,0.548,0.864,0.321,New York Knicks,NYK,128,0.495,0.8,0.529,NYK
LA Clippers,LAC,22200423,99,0.382,0.81,0.304,Minnesota Timberwolves,MIN,88,0.419,0.733,0.182,LAC
Toronto Raptors,TOR,22200417,123,0.5,0.852,0.286,Sacramento Kings,SAC,124,0.484,0.85,0.37,SAC
Oklahoma City Thunder,OKC,22200419,108,0.5,0.739,0.375,Miami Heat,MIA,110,0.43,0.8,0.429,MIA
Milwaukee Bucks,MIL,22200410,128,0.549,0.813,0.414,Golden State Warriors,GSW,111,0.4,0.789,0.4,MIL
Philadelphia 76ers,PHI,22200409,123,0.512,0.778,0.457,Sacramento Kings,SAC,103,0.413,0.85,0.238,PHI
Los Angeles Lakers,LAL,22200413,118,0.473,0.733,0.276,Boston Celtics,BOS,122,0.442,0.688,0.396,BOS
LA Clippers,LAC,22200408,113,0.489,0.714,0.4,Boston Celtics,BOS,93,0.434,0.692,0.231,LAC
Memphis Grizzlies,MEM,22200404,128,0.602,0.833,0.406,Atlanta Hawks,ATL,103,0.356,0.773,0.324,MEM
New Orleans Pelicans,NOP,22200395,129,0.581,0.75,0.32,Phoenix Suns,PHX,124,0.467,0.765,0.342,NOP
Atlanta Hawks,ATL,22200400,123,0.48,0.762,0.333,Chicago Bulls,CHI,122,0.48,0.826,0.259,ATL
New York Knicks,NYK,22200397,112,0.449,0.889,0.229,Sacramento Kings,SAC,99,0.398,0.657,0.256,NYK
Golden State Warriors,GSW,22200392,123,0.511,0.8,0.333,Boston Celtics,BOS,107,0.437,0.731,0.3,GSW
Cleveland Cavaliers,CLE,22200390,110,0.471,0.692,0.375,Oklahoma City Thunder,OKC,102,0.458,0.8,0.345,CLE
New Orleans Pelicans,NOP,22200384,128,0.511,0.8,0.296,Phoenix Suns,PHX,117,0.5,0.692,0.5,NOP
Philadelphia 76ers,PHI,22200382,133,0.533,0.864,0.45,Los Angeles Lakers,LAL,122,0.5,0.767,0.355,PHI
Cleveland Cavaliers,CLE,22200381,95,0.43,0.773,0.333,Sacramento Kings,SAC,106,0.53,0.625,0.485,SAC
Brooklyn Nets,BKN,22200380,120,0.542,0.81,0.433,Atlanta Hawks,ATL,116,0.495,0.875,0.345,BKN
Miami Heat,MIA,22200374,115,0.511,0.786,0.375,LA Clippers,LAC,110,0.463,0.905,0.472,MIA
Phoenix Suns,PHX,22200373,98,0.398,0.842,0.25,Boston Celtics,BOS,125,0.485,0.846,0.356,BOS
Toronto Raptors,TOR,22200366,126,0.443,0.833,0.279,Los Angeles Lakers,LAL,113,0.425,0.914,0.212,TOR
New York Knicks,NYK,22200365,113,0.446,0.917,0.472,Atlanta Hawks,ATL,89,0.376,0.792,0.167,NYK
Milwaukee Bucks,MIL,22200369,126,0.479,0.833,0.424,Sacramento Kings,SAC,113,0.473,0.938,0.316,MIL
Memphis Grizzlies,MEM,22200368,123,0.511,0.813,0.368,Oklahoma City Thunder,OKC,102,0.37,0.87,0.368,MEM
Cleveland Cavaliers,CLE,22200360,116,0.516,0.765,0.259,Los Angeles Lakers,LAL,102,0.427,0.833,0.167,CLE
Atlanta Hawks,ATL,22200354,114,0.431,0.765,0.342,Oklahoma City Thunder,OKC,121,0.453,0.958,0.353,OKC
Toronto Raptors,TOR,22200355,110,0.459,0.733,0.357,Boston Celtics,BOS,116,0.489,0.714,0.361,BOS
Memphis Grizzlies,MEM,22200357,101,0.467,1,0.25,Miami Heat,MIA,93,0.392,0.773,0.35,MEM
New Orleans Pelicans,NOP,22200344,121,0.506,0.778,0.423,Denver Nuggets,DEN,106,0.506,0.667,0.258,NOP
New York Knicks,NYK,22200348,92,0.407,0.81,0.172,Cleveland Cavaliers,CLE,81,0.349,0.75,0.229,NYK
Sacramento Kings,SAC,22200350,110,0.465,0.895,0.302,Chicago Bulls,CHI,101,0.442,0.842,0.36,SAC
Brooklyn Nets,BKN,22200346,92,0.405,0.682,0.346,Boston Celtics,BOS,103,0.432,0.9,0.395,BOS
Minnesota Timberwolves,MIN,22200341,128,0.528,0.8,0.333,Oklahoma City Thunder,OKC,135,0.516,0.8,0.423,OKC
LA Clippers,LAC,22200338,96,0.355,0.808,0.273,Sacramento Kings,SAC,123,0.517,0.667,0.344,SAC
Memphis Grizzlies,MEM,22200332,117,0.433,0.786,0.367,Philadelphia 76ers,PHI,109,0.44,0.882,0.424,MEM
Brooklyn Nets,BKN,22200329,114,0.537,0.682,0.344,Toronto Raptors,TOR,105,0.437,0.733,0.292,BKN
Milwaukee Bucks,MIL,22200331,129,0.532,0.8,0.395,Los Angeles Lakers,LAL,133,0.542,0.75,0.423,LAL
Atlanta Hawks,ATL,22200327,117,0.557,0.643,0.357,Denver Nuggets,DEN,109,0.529,0.538,0.375,ATL
Golden State Warriors,GSW,22200336,119,0.483,0.652,0.4,Chicago Bulls,CHI,111,0.462,0.667,0.333,GSW
Boston Celtics,BOS,22200328,116,0.46,0.75,0.333,Miami Heat,MIA,120,0.475,0.722,0.314,MIA
Cleveland Cavaliers,CLE,22200312,113,0.608,0.8,0.517,Philadelphia 76ers,PHI,85,0.416,0.833,0.231,CLE
New York Knicks,NYK,22200316,103,0.42,0.65,0.2,Milwaukee Bucks,MIL,109,0.433,0.808,0.286,MIL
Minnesota Timberwolves,MIN,22200317,109,0.461,0.789,0.308,Memphis Grizzlies,MEM,101,0.425,0.6,0.346,MIN
Boston Celtics,BOS,22200314,134,0.554,0.87,0.489,Miami Heat,MIA,121,0.522,1,0.45,BOS
New Orleans Pelicans,NOP,22200318,126,0.523,0.846,0.424,Toronto Raptors,TOR,108,0.477,0.684,0.289,NOP
Phoenix Suns,PHX,22200321,132,0.527,0.905,0.455,Chicago Bulls,CHI,113,0.5,0.818,0.16,PHX
Philadelphia 76ers,PHI,22200299,104,0.453,0.889,0.357,Atlanta Hawks,ATL,101,0.5,0.682,0.444,PHI
New Orleans Pelicans,NOP,22200304,105,0.448,0.9,0.281,Oklahoma City Thunder,OKC,101,0.37,0.913,0.316,NOP
Sacramento Kings,SAC,22200307,117,0.523,0.889,0.36,Phoenix Suns,PHX,122,0.532,0.857,0.313,PHX
Toronto Raptors,TOR,22200303,100,0.44,0.824,0.429,Cleveland Cavaliers,CLE,88,0.378,0.813,0.184,TOR
New York Knicks,NYK,22200296,123,0.506,0.833,0.333,Memphis Grizzlies,MEM,127,0.484,0.742,0.375,MEM
Atlanta Hawks,ATL,22200293,98,0.398,0.947,0.278,Miami Heat,MIA,106,0.488,0.895,0.273,MIA
Minnesota Timberwolves,MIN,22200291,114,0.443,0.759,0.4,Golden State Warriors,GSW,137,0.575,0.85,0.426,GSW
Milwaukee Bucks,MIL,22200280,117,0.506,0.72,0.469,Cleveland Cavaliers,CLE,102,0.391,0.846,0.364,MIL
Memphis Grizzlies,MEM,22200279,132,0.516,0.741,0.474,New Orleans Pelicans,NOP,111,0.43,0.871,0.323,MEM
Boston Celtics,BOS,22200275,122,0.494,0.889,0.432,Sacramento Kings,SAC,104,0.414,0.885,0.25,BOS
LA Clippers,LAC,22200285,104,0.544,0.559,0.5,Denver Nuggets,DEN,114,0.494,0.696,0.333,DEN
Oklahoma City Thunder,OKC,22200281,123,0.463,0.875,0.241,Chicago Bulls,CHI,119,0.436,0.826,0.364,OKC
Milwaukee Bucks,MIL,22200267,113,0.456,0.76,0.316,Chicago Bulls,CHI,118,0.494,0.778,0.429,CHI
Oklahoma City Thunder,OKC,22200268,126,0.433,0.857,0.45,Denver Nuggets,DEN,131,0.477,0.805,0.368,DEN
Toronto Raptors,TOR,22200266,98,0.356,0.76,0.241,Brooklyn Nets,BKN,112,0.549,0.714,0.447,BKN
Golden State Warriors,GSW,22200271,124,0.495,0.692,0.373,LA Clippers,LAC,107,0.453,0.667,0.379,GSW
Atlanta Hawks,ATL,22200263,115,0.446,0.957,0.367,Sacramento Kings,SAC,106,0.461,0.714,0.29,ATL
Phoenix Suns,PHX,22200259,115,0.471,0.6,0.471,Los Angeles Lakers,LAL,105,0.424,0.829,0.182,PHX
Memphis Grizzlies,MEM,22200257,109,0.451,0.633,0.267,Sacramento Kings,SAC,113,0.433,0.741,0.333,SAC
Philadelphia 76ers,PHI,22200256,115,0.434,0.813,0.5,Brooklyn Nets,BKN,106,0.55,0.692,0.321,PHI
Chicago Bulls,CHI,22200250,121,0.517,0.75,0.483,Boston Celtics,BOS,107,0.437,0.706,0.38,CHI
New Orleans Pelicans,NOP,22200253,128,0.538,0.714,0.357,Golden State Warriors,GSW,83,0.378,0.895,0.233,NOP
Minnesota Timberwolves,MIN,22200252,105,0.435,0.85,0.298,Miami Heat,MIA,101,0.389,0.667,0.289,MIN
Cleveland Cavaliers,CLE,22200248,114,0.6,0.87,0.526,Atlanta Hawks,ATL,102,0.437,0.882,0.324,CLE
Oklahoma City Thunder,OKC,22200254,119,0.489,0.781,0.333,New York Knicks,NYK,129,0.526,0.8,0.324,NYK
Brooklyn Nets,BKN,22200243,127,0.602,0.733,0.471,Memphis Grizzlies,MEM,115,0.434,0.548,0.324,BKN
Phoenix Suns,PHX,22200240,116,0.426,0.722,0.436,New York Knicks,NYK,95,0.4,0.8,0.28,PHX
Cleveland Cavaliers,CLE,22200244,113,0.53,0.75,0.351,Miami Heat,MIA,87,0.388,0.864,0.194,CLE
Philadelphia 76ers,PHI,22200237,109,0.479,0.844,0.438,Minnesota Timberwolves,MIN,112,0.471,0.833,0.333,MIN
Atlanta Hawks,ATL,22200235,124,0.5,0.781,0.28,Toronto Raptors,TOR,122,0.444,0.818,0.216,ATL
New Orleans Pelicans,NOP,22200231,109,0.494,0.769,0.371,Boston Celtics,BOS,117,0.482,0.882,0.435,BOS
Golden State Warriors,GSW,22200233,111,0.451,0.55,0.36,New York Knicks,NYK,101,0.345,0.941,0.265,GSW
Memphis Grizzlies,MEM,22200229,121,0.419,0.725,0.359,Oklahoma City Thunder,OKC,110,0.469,0.818,0.324,MEM
Philadelphia 76ers,PHI,22200226,110,0.513,0.654,0.464,Milwaukee Bucks,MIL,102,0.456,0.381,0.333,PHI
Milwaukee Bucks,MIL,22200216,113,0.477,0.556,0.41,Cleveland Cavaliers,CLE,98,0.429,0.824,0.429,MIL
Phoenix Suns,PHX,22200220,130,0.512,0.84,0.525,Golden State Warriors,GSW,119,0.457,1,0.429,PHX
Toronto Raptors,TOR,22200215,112,0.512,0.773,0.269,Miami Heat,MIA,104,0.545,0.864,0.371,TOR
New Orleans Pelicans,NOP,22200217,124,0.506,0.875,0.515,Chicago Bulls,CHI,110,0.494,0.647,0.344,NOP
Atlanta Hawks,ATL,22200214,101,0.416,0.769,0.219,Boston Celtics,BOS,126,0.545,0.9,0.457,BOS
Denver Nuggets,DEN,22200219,103,0.439,0.85,0.368,New York Knicks,NYK,106,0.44,0.774,0.235,NYK
Sacramento Kings,SAC,22200210,153,0.596,0.84,0.488,Brooklyn Nets,BKN,121,0.494,0.909,0.393,SAC
New Orleans Pelicans,NOP,22200206,113,0.473,0.75,0.474,Memphis Grizzlies,MEM,102,0.413,0.68,0.257,NOP
Miami Heat,MIA,22200202,113,0.458,0.88,0.455,Phoenix Suns,PHX,112,0.485,0.5,0.389,MIA
Milwaukee Bucks,MIL,22200204,106,0.415,0.78,0.207,Atlanta Hawks,ATL,121,0.478,0.867,0.35,ATL
Boston Celtics,BOS,22200201,126,0.479,0.828,0.27,Oklahoma City Thunder,OKC,122,0.48,0.81,0.367,BOS
Sacramento Kings,SAC,22200197,122,0.516,0.632,0.432,Golden State Warriors,GSW,115,0.467,0.938,0.34,SAC
Los Angeles Lakers,LAL,22200198,116,0.484,0.85,0.407,Brooklyn Nets,BKN,103,0.45,0.774,0.259,LAL
New York Knicks,NYK,22200192,135,0.495,0.879,0.323,Oklahoma City Thunder,OKC,145,0.625,0.9,0.548,OKC
Cleveland Cavaliers,CLE,22200193,124,0.449,0.692,0.5,Minnesota Timberwolves,MIN,129,0.561,0.735,0.5,MIN
Chicago Bulls,CHI,22200196,103,0.494,0.81,0.273,Denver Nuggets,DEN,126,0.6,0.81,0.481,DEN
Philadelphia 76ers,PHI,22200188,121,0.55,0.806,0.333,Atlanta Hawks,ATL,109,0.449,0.852,0.25,PHI
LA Clippers,LAC,22200184,95,0.4,0.8,0.355,Brooklyn Nets,BKN,110,0.482,0.667,0.457,BKN
Oklahoma City Thunder,OKC,22200179,132,0.559,0.765,0.417,Toronto Raptors,TOR,113,0.432,0.722,0.367,OKC
Golden State Warriors,GSW,22200182,106,0.488,0.786,0.417,Cleveland Cavaliers,CLE,101,0.402,0.731,0.267,GSW
Memphis Grizzlies,MEM,22200181,114,0.5,0.704,0.212,Minnesota Timberwolves,MIN,103,0.468,0.864,0.333,MEM
Boston Celtics,BOS,22200176,131,0.556,0.75,0.432,Denver Nuggets,DEN,112,0.457,0.8,0.414,BOS
Los Angeles Lakers,LAL,22200183,114,0.477,0.769,0.4,Sacramento Kings,SAC,120,0.517,0.857,0.333,SAC
Atlanta Hawks,ATL,22200173,104,0.443,0.87,0.231,Philadelphia 76ers,PHI,95,0.386,0.833,0.2,ATL
Minnesota Timberwolves,MIN,22200167,117,0.526,0.813,0.333,Phoenix Suns,PHX,129,0.485,0.95,0.457,PHX
Brooklyn Nets,BKN,22200164,112,0.483,0.7,0.412,New York Knicks,NYK,85,0.322,0.654,0.279,BKN
Oklahoma City Thunder,OKC,22200168,132,0.45,0.737,0.4,Milwaukee Bucks,MIL,136,0.472,0.864,0.472,MIL
LA Clippers,LAC,22200170,114,0.506,0.769,0.364,Los Angeles Lakers,LAL,101,0.455,0.647,0.313,LAC
Sacramento Kings,SAC,22200171,127,0.526,0.857,0.436,Cleveland Cavaliers,CLE,120,0.535,0.85,0.423,SAC
Chicago Bulls,CHI,22200166,111,0.506,0.889,0.259,New Orleans Pelicans,NOP,115,0.5,0.778,0.158,NOP
Chicago Bulls,CHI,22200151,111,0.525,0.818,0.321,Toronto Raptors,TOR,97,0.424,0.727,0.321,CHI
Golden State Warriors,GSW,22200156,116,0.5,0.667,0.368,Sacramento Kings,SAC,113,0.407,0.862,0.35,GSW
Atlanta Hawks,ATL,22200149,117,0.465,0.824,0.379,Milwaukee Bucks,MIL,98,0.414,0.813,0.325,ATL
Philadelphia 76ers,PHI,22200148,100,0.388,0.839,0.375,Phoenix Suns,PHX,88,0.438,0.818,0.316,PHI
Minnesota Timberwolves,MIN,22200153,107,0.469,0.833,0.268,New York Knicks,NYK,120,0.438,0.92,0.396,NYK
LA Clippers,LAC,22200158,119,0.506,0.786,0.447,Cleveland Cavaliers,CLE,117,0.518,0.714,0.485,LAC
Memphis Grizzlies,MEM,22200152,106,0.451,0.643,0.341,Boston Celtics,BOS,109,0.463,0.75,0.324,BOS
Toronto Raptors,TOR,22200141,113,0.427,0.75,0.27,Chicago Bulls,CHI,104,0.455,0.846,0.361,TOR
Los Angeles Lakers,LAL,22200140,100,0.46,0.571,0.296,Cleveland Cavaliers,CLE,114,0.44,0.889,0.25,CLE
New York Knicks,NYK,22200135,118,0.511,0.938,0.407,Boston Celtics,BOS,133,0.534,1,0.529,BOS
Milwaukee Bucks,MIL,22200136,108,0.422,0.882,0.362,Oklahoma City Thunder,OKC,94,0.429,0.625,0.343,MIL
Atlanta Hawks,ATL,22200134,124,0.456,0.84,0.25,New Orleans Pelicans,NOP,121,0.435,0.714,0.304,ATL
New Orleans Pelicans,NOP,22200128,114,0.506,0.69,0.414,Golden State Warriors,GSW,105,0.493,0.92,0.375,NOP
Boston Celtics,BOS,22200124,123,0.494,0.821,0.29,Chicago Bulls,CHI,119,0.518,0.88,0.393,BOS
Philadelphia 76ers,PHI,22200122,104,0.378,0.81,0.277,New York Knicks,NYK,106,0.463,0.852,0.273,NYK
Minnesota Timberwolves,MIN,22200129,102,0.424,0.765,0.268,Milwaukee Bucks,MIL,115,0.482,0.571,0.447,MIL
Oklahoma City Thunder,OKC,22200119,110,0.484,0.737,0.207,Denver Nuggets,DEN,122,0.536,0.875,0.581,DEN
New York Knicks,NYK,22200110,99,0.411,0.75,0.278,Atlanta Hawks,ATL,112,0.411,0.75,0.353,ATL
Los Angeles Lakers,LAL,22200117,120,0.459,0.87,0.278,New Orleans Pelicans,NOP,117,0.461,0.714,0.32,LAL
Cleveland Cavaliers,CLE,22200107,114,0.42,0.792,0.282,Boston Celtics,BOS,113,0.409,0.963,0.268,CLE
Miami Heat,MIA,22200109,110,0.494,0.846,0.324,Sacramento Kings,SAC,107,0.477,0.857,0.361,MIA
Phoenix Suns,PHX,22200106,116,0.461,0.773,0.395,Minnesota Timberwolves,MIN,107,0.425,0.833,0.382,PHX
Brooklyn Nets,BKN,22200103,99,0.486,0.789,0.375,Chicago Bulls,CHI,108,0.438,0.857,0.4,CHI
Miami Heat,MIA,22200104,116,0.455,1,0.381,Golden State Warriors,GSW,109,0.464,0.765,0.367,MIA
Toronto Raptors,TOR,22200099,139,0.5,0.825,0.412,Atlanta Hawks,ATL,109,0.464,0.8,0.379,TOR
LA Clippers,LAC,22200088,91,0.419,0.615,0.282,New Orleans Pelicans,NOP,112,0.495,0.625,0.417,NOP
Cleveland Cavaliers,CLE,22200090,121,0.461,0.842,0.46,New York Knicks,NYK,108,0.489,0.5,0.37,CLE
Los Angeles Lakers,LAL,22200095,121,0.479,0.8,0.433,Denver Nuggets,DEN,110,0.427,0.722,0.375,LAL
Chicago Bulls,CHI,22200084,109,0.45,0.897,0.355,Philadelphia 76ers,PHI,114,0.494,0.815,0.483,PHI
Sacramento Kings,SAC,22200081,119,0.553,0.724,0.452,Miami Heat,MIA,113,0.427,0.839,0.393,SAC
Milwaukee Bucks,MIL,22200085,123,0.489,0.655,0.389,Atlanta Hawks,ATL,115,0.479,0.8,0.448,MIL
Phoenix Suns,PHX,22200079,124,0.522,0.9,0.303,New Orleans Pelicans,NOP,111,0.442,0.909,0.405,PHX
Milwaukee Bucks,MIL,22200075,119,0.385,0.815,0.289,New York Knicks,NYK,108,0.398,0.688,0.343,MIL
Boston Celtics,BOS,22200072,123,0.512,0.813,0.394,Cleveland Cavaliers,CLE,132,0.517,0.765,0.457,CLE
Minnesota Timberwolves,MIN,22200076,111,0.414,0.667,0.325,Los Angeles Lakers,LAL,102,0.416,0.704,0.31,MIN
Toronto Raptors,TOR,22200073,90,0.384,0.625,0.231,Philadelphia 76ers,PHI,112,0.524,0.909,0.421,PHI
Sacramento Kings,SAC,22200069,110,0.482,0.818,0.316,Memphis Grizzlies,MEM,125,0.533,0.722,0.424,MEM
Oklahoma City Thunder,OKC,22200067,118,0.495,0.875,0.447,LA Clippers,LAC,110,0.537,0.722,0.321,OKC
Golden State Warriors,GSW,22200068,123,0.5,0.867,0.391,Miami Heat,MIA,110,0.443,0.818,0.326,GSW
Denver Nuggets,DEN,22200064,110,0.457,0.81,0.265,Los Angeles Lakers,LAL,99,0.444,0.688,0.267,DEN
Toronto Raptors,TOR,22200059,119,0.548,0.786,0.432,Philadelphia 76ers,PHI,109,0.506,0.684,0.444,TOR
Milwaukee Bucks,MIL,22200060,110,0.443,0.759,0.278,Brooklyn Nets,BKN,99,0.395,0.8,0.259,MIL
Phoenix Suns,PHX,22200055,134,0.511,0.824,0.414,Golden State Warriors,GSW,105,0.451,0.765,0.286,PHX
Oklahoma City Thunder,OKC,22200054,108,0.382,0.8,0.133,LA Clippers,LAC,94,0.422,0.778,0.323,OKC
Miami Heat,MIA,22200045,90,0.349,0.889,0.235,Toronto Raptors,TOR,98,0.395,0.8,0.438,TOR
Chicago Bulls,CHI,22200047,120,0.483,0.897,0.476,Boston Celtics,BOS,102,0.37,0.833,0.375,CHI
Memphis Grizzlies,MEM,22200049,134,0.5,0.774,0.471,Brooklyn Nets,BKN,124,0.54,0.808,0.31,MEM
Golden State Warriors,GSW,22200042,130,0.517,0.722,0.424,Sacramento Kings,SAC,125,0.47,0.8,0.256,GSW
Oklahoma City Thunder,OKC,22200041,106,0.436,0.714,0.22,Minnesota Timberwolves,MIN,116,0.523,0.636,0.294,MIN
LA Clippers,LAC,22200043,95,0.439,0.7,0.281,Phoenix Suns,PHX,112,0.462,0.917,0.357,PHX
Miami Heat,MIA,22200031,112,0.5,0.926,0.367,Toronto Raptors,TOR,109,0.425,0.75,0.359,MIA
Chicago Bulls,CHI,22200032,96,0.405,0.84,0.241,Cleveland Cavaliers,CLE,128,0.565,0.889,0.593,CLE
Denver Nuggets,DEN,22200035,122,0.494,0.581,0.526,Oklahoma City Thunder,OKC,117,0.447,0.783,0.395,DEN
Sacramento Kings,SAC,22200036,109,0.471,0.577,0.4,LA Clippers,LAC,111,0.506,0.909,0.409,LAC
Golden State Warriors,GSW,22200026,123,0.477,0.889,0.341,Denver Nuggets,DEN,128,0.535,0.84,0.441,DEN
Miami Heat,MIA,22200022,104,0.457,0.8,0.308,Boston Celtics,BOS,111,0.519,1,0.424,BOS
Brooklyn Nets,BKN,22200021,109,0.475,0.69,0.371,Toronto Raptors,TOR,105,0.488,0.667,0.393,BKN
Los Angeles Lakers,LAL,22200016,97,0.351,0.846,0.2,LA Clippers,LAC,103,0.463,0.645,0.31,LAC
Philadelphia 76ers,PHI,22200015,88,0.434,0.846,0.208,Milwaukee Bucks,MIL,90,0.405,0.643,0.31,MIL
Minnesota Timberwolves,MIN,22200010,115,0.415,0.818,0.263,Oklahoma City Thunder,OKC,108,0.384,0.818,0.311,MIN
Miami Heat,MIA,22200007,108,0.463,0.786,0.429,Chicago Bulls,CHI,116,0.441,0.75,0.361,CHI
Toronto Raptors,TOR,22200008,108,0.419,0.719,0.433,Cleveland Cavaliers,CLE,105,0.494,0.826,0.357,TOR
Brooklyn Nets,BKN,22200006,108,0.449,0.75,0.303,New Orleans Pelicans,NOP,130,0.49,0.72,0.462,NOP
Memphis Grizzlies,MEM,22200009,115,0.389,0.609,0.34,New York Knicks,NYK,112,0.404,0.833,0.243,MEM
Boston Celtics,BOS,22200001,126,0.561,0.786,0.343,Philadelphia 76ers,PHI,117,0.5,0.857,0.382,BOS
Golden State Warriors,GSW,22200002,123,0.455,0.739,0.356,Los Angeles Lakers,LAL,109,0.426,0.76,0.25,GSW
